ASO_ID,Sequence_5to3,Length_nt,Source_File,Original_Row_ID_or_Name
SYT1_ASO_001,AAGTCTGACTGCCCAGGACT,20,syt1.csv,mjgne1odu8wk3f (idt)
SYT1_ASO_002,AATTGTAGAATTGTTTGATT,20,syt1.csv,mjgnqf020cregg (idt)
SYT1_ASO_003,AATTGTTTGATTCTTAAATC,20,syt1.csv,mjgnqf02lukgid (idt)
SYT1_ASO_004,ACTGAATCTTAGTATTAATA,20,syt1.csv,mjgne1ocrnshae (idt)
SYT1_ASO_005,ACTGCCCAGGACTGAATCTT,20,syt1.csv,mjgne1oclmiwhl (idt)
SYT1_ASO_006,AGAATTGTTTGATTCTTAAA,20,syt1.csv,mjgnqf02mc6pmi (idt)
SYT1_ASO_007,AGAGCGGATGCTTGCATGTT,20,syt1.csv,mjgotida6kxqp0 (idt)
SYT1_ASO_008,AGCGGATGCTTGCATGTTCT,20,syt1.csv,mjgotidaoanwma (idt)
SYT1_ASO_009,AGGACTGAATCTTAGTATTA,20,syt1.csv,mjgne1oc0gjc4n (idt)
SYT1_ASO_010,AGTCTGACTGCCCAGGACTG,20,syt1.csv,mjgne1odkbn8iz (idt)
SYT1_ASO_011,ATCGTTCTTGCCAGTCTTGT,20,syt1.csv,mjgi9fiveqj9qz (idt)
SYT1_ASO_012,ATGCTTGCATGTTCTTGATT,20,syt1.csv,mjgotidas24b70 (idt)
SYT1_ASO_013,ATGGCATCGTTCTTGCCAGT,20,syt1.csv,mjgi9fivu3wwhj (idt)
SYT1_ASO_014,ATGTTCTTGATTGCACCATG,20,syt1.csv,mjgotid9nsgkjr (idt)
SYT1_ASO_015,ATTACGTAGAG,11,Syt1_ASOs.xlsx,None (Sequence)
SYT1_ASO_016,ATTGTAGAATTGTTTGATTC,20,syt1.csv,mjgnqf02h3gy9k (idt)
SYT1_ASO_017,ATTGTTTGATTCTTAAATCT,20,syt1.csv,mjgnqf022nw57d (idt)
SYT1_ASO_018,CAAGTCTGACTGCCCAGGAC,20,syt1.csv,mjgne1odsnc19i (idt)
SYT1_ASO_019,CAGGACTGAATCTTAGTATT,20,syt1.csv,mjgne1ocbcync1 (idt)
SYT1_ASO_020,CATCGTTCTTGCCAGTCTTG,20,syt1.csv,mjgi9fiv35uhll (idt)
SYT1_ASO_021,CATGTTCTTGATTGCACCAT,20,syt1.csv,mjgotid9p34st9 (idt)
SYT1_ASO_022,CCAGGACTGAATCTTAGTAT,20,syt1.csv,mjgne1oc53j5w4 (idt)
SYT1_ASO_023,CCAGTCTTGTCATAGTCCAA,20,syt1.csv,mjgi9fiuga4p04 (idt)
SYT1_ASO_024,CCCAGGACTGAATCTTAGTA,20,syt1.csv,mjgne1ocl61l4k (idt)
SYT1_ASO_025,CGGATGCTTGCATGTTCTTG,20,syt1.csv,mjgotidav5nlof (idt)
SYT1_ASO_026,CGTTCTTGCCAGTCTTGTCA,20,syt1.csv,mjgi9fivv2aimt (idt)
SYT1_ASO_027,CTGAATCTTAGTATTAATAC,20,syt1.csv,mjgne1oc49awng (idt)
SYT1_ASO_028,CTGACTGCCCAGGACTGAAT,20,syt1.csv,mjgne1ocn2oqi4 (idt)
SYT1_ASO_029,CTGCCCAGGACTGAATCTTA,20,syt1.csv,mjgne1ochbf8c9 (idt)
SYT1_ASO_030,CTTGATTGCACCATGTTCTT,20,syt1.csv,mjgotid9go0tf3 (idt)
SYT1_ASO_031,CTTGCATGTTCTTGATTGCA,20,syt1.csv,mjgotida3zb5fb (idt)
SYT1_ASO_032,CTTGCCAGTCTTGTCA,16,Syt1_ASOs.xlsx,Syt1-L16 (Sequence)
SYT1_ASO_033,CTTGCCAGTCTTGTCATAGT,20,syt1.csv,mjgi9fiudy6wb3 (idt)
SYT1_ASO_034,GAATTGTTTGATTCTTAAAT,20,syt1.csv,mjgnqf02q7si16 (idt)
SYT1_ASO_035,GACTGAATCTTAGTATTAAT,20,syt1.csv,mjgne1ocah6849 (idt)
SYT1_ASO_036,GACTGCCCAGGACTGAATCT,20,syt1.csv,mjgne1ocojz11c (idt)
SYT1_ASO_037,GAGCGGATGCTTGCATGTTC,20,syt1.csv,mjgotidaibdrim (idt)
SYT1_ASO_038,GATGCTTGCATGTTCTTGAT,20,syt1.csv,mjgotidath8v62 (idt)
SYT1_ASO_039,GCATCGTTCTTGCCAGTCTT,20,syt1.csv,mjgi9fivorktb6 (idt)
SYT1_ASO_040,GCATGTTCTTGATTGCACCA,20,syt1.csv,mjgotidazjcnp6 (idt)
SYT1_ASO_041,GCCAGTCTTGTCATAGTCCA,20,syt1.csv,mjgi9fiu4p0r4t (idt)
SYT1_ASO_042,GCCCAGGACTGAATCTTAGT,20,syt1.csv,mjgne1ocq9p90m (idt)
SYT1_ASO_043,GCGGATGCTTGCATGTTCTT,20,syt1.csv,mjgotidaz092yk (idt)
SYT1_ASO_044,GCTTGCATGTTCTTGATTGC,20,syt1.csv,mjgotidavunrqj (idt)
SYT1_ASO_045,GGACTGAATCTTAGTATTAA,20,syt1.csv,mjgne1ocve6sl8 (idt)
SYT1_ASO_046,GGATGCTTGCATGTTCTTGA,20,syt1.csv,mjgotida7o9mha (idt)
SYT1_ASO_047,GGCATCGTTCTTGCCAGTCT,20,syt1.csv,mjgi9fiv5rq2i8 (idt)
SYT1_ASO_048,GTAGAATTGTTTGATTCTTA,20,syt1.csv,mjgnqf02q4ivhv (idt)
SYT1_ASO_049,GTCTGACTGCCCAGGACTGA,20,syt1.csv,mjgne1odzftg48 (idt)
SYT1_ASO_050,GTTCTTGATTGCACCATGTT,20,syt1.csv,mjgotid99r8mct (idt)
SYT1_ASO_051,GTTCTTGCCAGTCTTGTCAT,20,syt1.csv,mjgi9fivf0utfl (idt)
SYT1_ASO_052,GTTCTTGCCAGTCTTGTCATA,21,Syt1_ASOs.xlsx,Syt1-L21 (Sequence)
SYT1_ASO_053,GTTTGATTCTTAAATCTATG,20,syt1.csv,mjgnqf02llxay9 (idt)
SYT1_ASO_054,TACATCCTCTTATCAATT,18,Syt1_ASOs.xlsx,None (Sequence)
SYT1_ASO_055,TAGAATTGTTTGATTCTTAA,20,syt1.csv,mjgnqf027zowcm (idt)
SYT1_ASO_056,TAGTGCGGACCTACCCACGA,20,Syt1_ASOs.xlsx,Syt1-M-control (Sequence); Syt1-L-control (Sequence)
SYT1_ASO_057,TCAAGTCTGACTGCCCAGGA,20,syt1.csv,mjgne1ods99eun (idt)
SYT1_ASO_058,TCGTTCTTGCCAGTCTTGTC,20,syt1.csv,mjgi9fivxv1ixy (idt)
SYT1_ASO_059,TCTGACTGCCCAGGACTGAA,20,syt1.csv,mjgne1ocya1ki4 (idt)
SYT1_ASO_060,TCTTGATTGCACCATGTTCT,20,syt1.csv,mjgotid9dogfsf (idt)
SYT1_ASO_061,TCTTGCCAGTCTTGTCAT,18,Syt1_ASOs.xlsx,Syt1-L18 (Sequence)
SYT1_ASO_062,TCTTGCCAGTCTTGTCATAG,20,syt1.csv,mjgi9fivmytmfo (idt)
SYT1_ASO_063,TGAATCTTAGTATTAATACC,20,syt1.csv,mjgne1ob5ehcqa (idt)
SYT1_ASO_064,TGACTGCCCAGGACTGAATC,20,syt1.csv,mjgne1ocp0ajyd (idt)
SYT1_ASO_065,TGCATGTTCTTGATTGCACC,20,syt1.csv,mjgotidayvl62m (idt)
SYT1_ASO_066,TGCCAGTCTTGTCATAGTCC,20,syt1.csv,mjgi9fiux85iiy (idt)
SYT1_ASO_067,TGCCCAGGACTGAATCTTAG,20,syt1.csv,mjgne1ocqpzle0 (idt)
SYT1_ASO_068,TGCTTGCATGTTCTTGATTG,20,syt1.csv,mjgotidac8im75 (idt)
SYT1_ASO_069,TGGCATCGTTCTTGCCAGTC,20,syt1.csv,mjgi9fiv0znb8w (idt)
SYT1_ASO_070,TGTAGAATTGTTTGATTCTT,20,syt1.csv,mjgnqf02q4y7hu (idt)
SYT1_ASO_071,TGTTCTTGATTGCACCATGT,20,syt1.csv,mjgotid9gkexe1 (idt)
SYT1_ASO_072,TGTTTGATTCTTAAATCTAT,20,syt1.csv,mjgnqf02d2dyot (idt)
SYT1_ASO_073,TTATTGCCAGTCTTGTCATA,20,Syt1_ASOs.xlsx,Syt1-L20 (MM2) (Sequence)
SYT1_ASO_074,TTCTATAAAAC,11,Syt1_ASOs.xlsx,None (Sequence)
SYT1_ASO_075,TTCTTGATTGCACCATGTTC,20,syt1.csv,mjgotid9o8bvky (idt)
SYT1_ASO_076,TTCTTGCCAGACTTGTCATA,20,Syt1_ASOs.xlsx,Syt1-M20 (MM1) (Sequence)
SYT1_ASO_077,TTCTTGCCAGTCTTGTCATA,20,Syt1_ASOs.xlsx; syt1.csv,mjgi9fivzaa0wv (idt); Syt1-L20 (Sequence); Syt1-M20 (Sequence)
SYT1_ASO_078,TTCTTGCCAGTCTTGTCCTA,20,Syt1_ASOs.xlsx,Syt1-L20 (MM3) (Sequence)
SYT1_ASO_079,TTCTTGCCGGTCTTGTCATA,20,Syt1_ASOs.xlsx,Syt1-L20 (MM1) (Sequence)
SYT1_ASO_080,TTGATTGCACCATGTTCTTG,20,syt1.csv,mjgotid9oruvg7 (idt)
SYT1_ASO_081,TTGCATGTTCTTGATTGCAC,20,syt1.csv,mjgotida0txa6d (idt)
SYT1_ASO_082,TTGCCAGTCTTGTCATAGTC,20,syt1.csv,mjgi9fiutkx7zg (idt)
SYT1_ASO_083,TTGTAGAATTGTTTGATTCT,20,syt1.csv,mjgnqf02d044gb (idt)
SYT1_ASO_084,TTGTTTGATTCTTAAATCTA,20,syt1.csv,mjgnqf022lgq1i (idt)
SYT1_ASO_085,TTTGATTCTTAAATCTATGT,20,syt1.csv,mjgnqf02gwnxh1 (idt)
