well,id,idt
I0,mjgi9fiuga4p04,/52MOErC/*/i2MOErC//i2MOErA//i2MOErG//i2MOErT//iMe-dC/*T*T*G*T*/iMe-dC/*A*T*A*G*/i2MOErT//i2MOErC//i2MOErC/*/i2MOErA/*/32MOErA/
I0,mjgi9fiu4p0r4t,/52MOErG/*/i2MOErC//i2MOErC//i2MOErA//i2MOErG/T*/iMe-dC/*T*T*G*T*/iMe-dC/*A*T*A*/i2MOErG//i2MOErT//i2MOErC/*/i2MOErC/*/32MOErA/
I0,mjgi9fiux85iiy,/52MOErT/*/i2MOErG//i2MOErC//i2MOErC//i2MOErA/G*T*/iMe-dC/*T*T*G*T*/iMe-dC/*A*T*/i2MOErA//i2MOErG//i2MOErT/*/i2MOErC/*/32MOErC/
I0,mjgi9fiutkx7zg,/52MOErT/*/i2MOErT//i2MOErG//i2MOErC//i2MOErC/A*G*T*/iMe-dC/*T*T*G*T*/iMe-dC/*A*/i2MOErT//i2MOErA//i2MOErG/*/i2MOErT/*/32MOErC/
I0,mjgi9fiudy6wb3,/52MOErC/*/i2MOErT//i2MOErT//i2MOErG//i2MOErC//iMe-dC/*A*G*T*/iMe-dC/*T*T*G*T*/iMe-dC/*/i2MOErA//i2MOErT//i2MOErA/*/i2MOErG/*/32MOErT/
I0,mjgi9fivmytmfo,/52MOErT/*/i2MOErC//i2MOErT//i2MOErT//i2MOErG//iMe-dC/*/iMe-dC/*A*G*T*/iMe-dC/*T*T*G*T*/i2MOErC//i2MOErA//i2MOErT/*/i2MOErA/*/32MOErG/
I0,mjgi9fivzaa0wv,/52MOErT/*/i2MOErT//i2MOErC//i2MOErT//i2MOErT/G*/iMe-dC/*/iMe-dC/*A*G*T*/iMe-dC/*T*T*G*/i2MOErT//i2MOErC//i2MOErA/*/i2MOErT/*/32MOErA/
I0,mjgi9fivf0utfl,/52MOErG/*/i2MOErT//i2MOErT//i2MOErC//i2MOErT/T*G*/iMe-dC/*/iMe-dC/*A*G*T*/iMe-dC/*T*T*/i2MOErG//i2MOErT//i2MOErC/*/i2MOErA/*/32MOErT/
I0,mjgi9fivv2aimt,/52MOErC/*/i2MOErG//i2MOErT//i2MOErT//i2MOErC/T*T*G*/iMe-dC/*/iMe-dC/*A*G*T*/iMe-dC/*T*/i2MOErT//i2MOErG//i2MOErT/*/i2MOErC/*/32MOErA/
I0,mjgi9fivxv1ixy,/52MOErT/*/i2MOErC//i2MOErG//i2MOErT//i2MOErT//iMe-dC/*T*T*G*/iMe-dC/*/iMe-dC/*A*G*T*/iMe-dC/*/i2MOErT//i2MOErT//i2MOErG/*/i2MOErT/*/32MOErC/
I0,mjgi9fiveqj9qz,/52MOErA/*/i2MOErT//i2MOErC//i2MOErG//i2MOErT/T*/iMe-dC/*T*T*G*/iMe-dC/*/iMe-dC/*A*G*T*/i2MOErC//i2MOErT//i2MOErT/*/i2MOErG/*/32MOErT/
I0,mjgi9fiv35uhll,/52MOErC/*/i2MOErA//i2MOErT//i2MOErC//i2MOErG/T*T*/iMe-dC/*T*T*G*/iMe-dC/*/iMe-dC/*A*G*/i2MOErT//i2MOErC//i2MOErT/*/i2MOErT/*/32MOErG/
I0,mjgi9fivorktb6,/52MOErG/*/i2MOErC//i2MOErA//i2MOErT//i2MOErC/G*T*T*/iMe-dC/*T*T*G*/iMe-dC/*/iMe-dC/*A*/i2MOErG//i2MOErT//i2MOErC/*/i2MOErT/*/32MOErT/
I0,mjgi9fiv5rq2i8,/52MOErG/*/i2MOErG//i2MOErC//i2MOErA//i2MOErT//iMe-dC/*G*T*T*/iMe-dC/*T*T*G*/iMe-dC/*/iMe-dC/*/i2MOErA//i2MOErG//i2MOErT/*/i2MOErC/*/32MOErT/
I0,mjgi9fiv0znb8w,/52MOErT/*/i2MOErG//i2MOErG//i2MOErC//i2MOErA/T*/iMe-dC/*G*T*T*/iMe-dC/*T*T*G*/iMe-dC/*/i2MOErC//i2MOErA//i2MOErG/*/i2MOErT/*/32MOErC/
I0,mjgi9fivu3wwhj,/52MOErA/*/i2MOErT//i2MOErG//i2MOErG//i2MOErC/A*T*/iMe-dC/*G*T*T*/iMe-dC/*T*T*G*/i2MOErC//i2MOErC//i2MOErA/*/i2MOErG/*/32MOErT/
I0,mjgne1ob5ehcqa,/52MOErT/*/i2MOErG//i2MOErA//i2MOErA//i2MOErT//iMe-dC/*T*T*A*G*T*A*T*T*A*/i2MOErA//i2MOErT//i2MOErA/*/i2MOErC/*/32MOErC/
I0,mjgne1oc49awng,/52MOErC/*/i2MOErT//i2MOErG//i2MOErA//i2MOErA/T*/iMe-dC/*T*T*A*G*T*A*T*T*/i2MOErA//i2MOErA//i2MOErT/*/i2MOErA/*/32MOErC/
I0,mjgne1ocrnshae,/52MOErA/*/i2MOErC//i2MOErT//i2MOErG//i2MOErA/A*T*/iMe-dC/*T*T*A*G*T*A*T*/i2MOErT//i2MOErA//i2MOErA/*/i2MOErT/*/32MOErA/
I0,mjgne1ocah6849,/52MOErG/*/i2MOErA//i2MOErC//i2MOErT//i2MOErG/A*A*T*/iMe-dC/*T*T*A*G*T*A*/i2MOErT//i2MOErT//i2MOErA/*/i2MOErA/*/32MOErT/
I0,mjgne1ocve6sl8,/52MOErG/*/i2MOErG//i2MOErA//i2MOErC//i2MOErT/G*A*A*T*/iMe-dC/*T*T*A*G*T*/i2MOErA//i2MOErT//i2MOErT/*/i2MOErA/*/32MOErA/
I0,mjgne1oc0gjc4n,/52MOErA/*/i2MOErG//i2MOErG//i2MOErA//i2MOErC/T*G*A*A*T*/iMe-dC/*T*T*A*G*/i2MOErT//i2MOErA//i2MOErT/*/i2MOErT/*/32MOErA/
I0,mjgne1ocbcync1,/52MOErC/*/i2MOErA//i2MOErG//i2MOErG//i2MOErA//iMe-dC/*T*G*A*A*T*/iMe-dC/*T*T*A*/i2MOErG//i2MOErT//i2MOErA/*/i2MOErT/*/32MOErT/
I0,mjgne1oc53j5w4,/52MOErC/*/i2MOErC//i2MOErA//i2MOErG//i2MOErG/A*/iMe-dC/*T*G*A*A*T*/iMe-dC/*T*T*/i2MOErA//i2MOErG//i2MOErT/*/i2MOErA/*/32MOErT/
I0,mjgne1ocl61l4k,/52MOErC/*/i2MOErC//i2MOErC//i2MOErA//i2MOErG/G*A*/iMe-dC/*T*G*A*A*T*/iMe-dC/*T*/i2MOErT//i2MOErA//i2MOErG/*/i2MOErT/*/32MOErA/
I0,mjgne1ocq9p90m,/52MOErG/*/i2MOErC//i2MOErC//i2MOErC//i2MOErA/G*G*A*/iMe-dC/*T*G*A*A*T*/iMe-dC/*/i2MOErT//i2MOErT//i2MOErA/*/i2MOErG/*/32MOErT/
I0,mjgne1ocqpzle0,/52MOErT/*/i2MOErG//i2MOErC//i2MOErC//i2MOErC/A*G*G*A*/iMe-dC/*T*G*A*A*T*/i2MOErC//i2MOErT//i2MOErT/*/i2MOErA/*/32MOErG/
I0,mjgne1ochbf8c9,/52MOErC/*/i2MOErT//i2MOErG//i2MOErC//i2MOErC//iMe-dC/*A*G*G*A*/iMe-dC/*T*G*A*A*/i2MOErT//i2MOErC//i2MOErT/*/i2MOErT/*/32MOErA/
I0,mjgne1oclmiwhl,/52MOErA/*/i2MOErC//i2MOErT//i2MOErG//i2MOErC//iMe-dC/*/iMe-dC/*A*G*G*A*/iMe-dC/*T*G*A*/i2MOErA//i2MOErT//i2MOErC/*/i2MOErT/*/32MOErT/
I0,mjgne1ocojz11c,/52MOErG/*/i2MOErA//i2MOErC//i2MOErT//i2MOErG//iMe-dC/*/iMe-dC/*/iMe-dC/*A*G*G*A*/iMe-dC/*T*G*/i2MOErA//i2MOErA//i2MOErT/*/i2MOErC/*/32MOErT/
I0,mjgne1ocp0ajyd,/52MOErT/*/i2MOErG//i2MOErA//i2MOErC//i2MOErT/G*/iMe-dC/*/iMe-dC/*/iMe-dC/*A*G*G*A*/iMe-dC/*T*/i2MOErG//i2MOErA//i2MOErA/*/i2MOErT/*/32MOErC/
I0,mjgne1ocn2oqi4,/52MOErC/*/i2MOErT//i2MOErG//i2MOErA//i2MOErC/T*G*/iMe-dC/*/iMe-dC/*/iMe-dC/*A*G*G*A*/iMe-dC/*/i2MOErT//i2MOErG//i2MOErA/*/i2MOErA/*/32MOErT/
I0,mjgne1ocya1ki4,/52MOErT/*/i2MOErC//i2MOErT//i2MOErG//i2MOErA//iMe-dC/*T*G*/iMe-dC/*/iMe-dC/*/iMe-dC/*A*G*G*A*/i2MOErC//i2MOErT//i2MOErG/*/i2MOErA/*/32MOErA/
I0,mjgne1odzftg48,/52MOErG/*/i2MOErT//i2MOErC//i2MOErT//i2MOErG/A*/iMe-dC/*T*G*/iMe-dC/*/iMe-dC/*/iMe-dC/*A*G*G*/i2MOErA//i2MOErC//i2MOErT/*/i2MOErG/*/32MOErA/
I0,mjgne1odkbn8iz,/52MOErA/*/i2MOErG//i2MOErT//i2MOErC//i2MOErT/G*A*/iMe-dC/*T*G*/iMe-dC/*/iMe-dC/*/iMe-dC/*A*G*/i2MOErG//i2MOErA//i2MOErC/*/i2MOErT/*/32MOErG/
I0,mjgne1odu8wk3f,/52MOErA/*/i2MOErA//i2MOErG//i2MOErT//i2MOErC/T*G*A*/iMe-dC/*T*G*/iMe-dC/*/iMe-dC/*/iMe-dC/*A*/i2MOErG//i2MOErG//i2MOErA/*/i2MOErC/*/32MOErT/
I0,mjgne1odsnc19i,/52MOErC/*/i2MOErA//i2MOErA//i2MOErG//i2MOErT//iMe-dC/*T*G*A*/iMe-dC/*T*G*/iMe-dC/*/iMe-dC/*/iMe-dC/*/i2MOErA//i2MOErG//i2MOErG/*/i2MOErA/*/32MOErC/
I0,mjgne1ods99eun,/52MOErT/*/i2MOErC//i2MOErA//i2MOErA//i2MOErG/T*/iMe-dC/*T*G*A*/iMe-dC/*T*G*/iMe-dC/*/iMe-dC/*/i2MOErC//i2MOErA//i2MOErG/*/i2MOErG/*/32MOErA/
I0,mjgnqf02gwnxh1,/52MOErT/*/i2MOErT//i2MOErT//i2MOErG//i2MOErA/T*T*/iMe-dC/*T*T*A*A*A*T*/iMe-dC/*/i2MOErT//i2MOErA//i2MOErT/*/i2MOErG/*/32MOErT/
I0,mjgnqf02llxay9,/52MOErG/*/i2MOErT//i2MOErT//i2MOErT//i2MOErG/A*T*T*/iMe-dC/*T*T*A*A*A*T*/i2MOErC//i2MOErT//i2MOErA/*/i2MOErT/*/32MOErG/
I0,mjgnqf02d2dyot,/52MOErT/*/i2MOErG//i2MOErT//i2MOErT//i2MOErT/G*A*T*T*/iMe-dC/*T*T*A*A*A*/i2MOErT//i2MOErC//i2MOErT/*/i2MOErA/*/32MOErT/
I0,mjgnqf022lgq1i,/52MOErT/*/i2MOErT//i2MOErG//i2MOErT//i2MOErT/T*G*A*T*T*/iMe-dC/*T*T*A*A*/i2MOErA//i2MOErT//i2MOErC/*/i2MOErT/*/32MOErA/
I0,mjgnqf022nw57d,/52MOErA/*/i2MOErT//i2MOErT//i2MOErG//i2MOErT/T*T*G*A*T*T*/iMe-dC/*T*T*A*/i2MOErA//i2MOErA//i2MOErT/*/i2MOErC/*/32MOErT/
I0,mjgnqf02lukgid,/52MOErA/*/i2MOErA//i2MOErT//i2MOErT//i2MOErG/T*T*T*G*A*T*T*/iMe-dC/*T*T*/i2MOErA//i2MOErA//i2MOErA/*/i2MOErT/*/32MOErC/
I0,mjgnqf02q7si16,/52MOErG/*/i2MOErA//i2MOErA//i2MOErT//i2MOErT/G*T*T*T*G*A*T*T*/iMe-dC/*T*/i2MOErT//i2MOErA//i2MOErA/*/i2MOErA/*/32MOErT/
I0,mjgnqf02mc6pmi,/52MOErA/*/i2MOErG//i2MOErA//i2MOErA//i2MOErT/T*G*T*T*T*G*A*T*T*/iMe-dC/*/i2MOErT//i2MOErT//i2MOErA/*/i2MOErA/*/32MOErA/
I0,mjgnqf027zowcm,/52MOErT/*/i2MOErA//i2MOErG//i2MOErA//i2MOErA/T*T*G*T*T*T*G*A*T*T*/i2MOErC//i2MOErT//i2MOErT/*/i2MOErA/*/32MOErA/
I0,mjgnqf02q4ivhv,/52MOErG/*/i2MOErT//i2MOErA//i2MOErG//i2MOErA/A*T*T*G*T*T*T*G*A*T*/i2MOErT//i2MOErC//i2MOErT/*/i2MOErT/*/32MOErA/
I0,mjgnqf02q4y7hu,/52MOErT/*/i2MOErG//i2MOErT//i2MOErA//i2MOErG/A*A*T*T*G*T*T*T*G*A*/i2MOErT//i2MOErT//i2MOErC/*/i2MOErT/*/32MOErT/
I0,mjgnqf02d044gb,/52MOErT/*/i2MOErT//i2MOErG//i2MOErT//i2MOErA/G*A*A*T*T*G*T*T*T*G*/i2MOErA//i2MOErT//i2MOErT/*/i2MOErC/*/32MOErT/
I0,mjgnqf02h3gy9k,/52MOErA/*/i2MOErT//i2MOErT//i2MOErG//i2MOErT/A*G*A*A*T*T*G*T*T*T*/i2MOErG//i2MOErA//i2MOErT/*/i2MOErT/*/32MOErC/
I0,mjgnqf020cregg,/52MOErA/*/i2MOErA//i2MOErT//i2MOErT//i2MOErG/T*A*G*A*A*T*T*G*T*T*/i2MOErT//i2MOErG//i2MOErA/*/i2MOErT/*/32MOErT/
I0,mjgotid9oruvg7,/52MOErT/*/i2MOErT//i2MOErG//i2MOErA//i2MOErT/T*G*/iMe-dC/*A*/iMe-dC/*/iMe-dC/*A*T*G*T*/i2MOErT//i2MOErC//i2MOErT/*/i2MOErT/*/32MOErG/
I0,mjgotid9go0tf3,/52MOErC/*/i2MOErT//i2MOErT//i2MOErG//i2MOErA/T*T*G*/iMe-dC/*A*/iMe-dC/*/iMe-dC/*A*T*G*/i2MOErT//i2MOErT//i2MOErC/*/i2MOErT/*/32MOErT/
I0,mjgotid9dogfsf,/52MOErT/*/i2MOErC//i2MOErT//i2MOErT//i2MOErG/A*T*T*G*/iMe-dC/*A*/iMe-dC/*/iMe-dC/*A*T*/i2MOErG//i2MOErT//i2MOErT/*/i2MOErC/*/32MOErT/
I0,mjgotid9o8bvky,/52MOErT/*/i2MOErT//i2MOErC//i2MOErT//i2MOErT/G*A*T*T*G*/iMe-dC/*A*/iMe-dC/*/iMe-dC/*A*/i2MOErT//i2MOErG//i2MOErT/*/i2MOErT/*/32MOErC/
I0,mjgotid99r8mct,/52MOErG/*/i2MOErT//i2MOErT//i2MOErC//i2MOErT/T*G*A*T*T*G*/iMe-dC/*A*/iMe-dC/*/iMe-dC/*/i2MOErA//i2MOErT//i2MOErG/*/i2MOErT/*/32MOErT/
I0,mjgotid9gkexe1,/52MOErT/*/i2MOErG//i2MOErT//i2MOErT//i2MOErC/T*T*G*A*T*T*G*/iMe-dC/*A*/iMe-dC/*/i2MOErC//i2MOErA//i2MOErT/*/i2MOErG/*/32MOErT/
I0,mjgotid9nsgkjr,/52MOErA/*/i2MOErT//i2MOErG//i2MOErT//i2MOErT//iMe-dC/*T*T*G*A*T*T*G*/iMe-dC/*A*/i2MOErC//i2MOErC//i2MOErA/*/i2MOErT/*/32MOErG/
I0,mjgotid9p34st9,/52MOErC/*/i2MOErA//i2MOErT//i2MOErG//i2MOErT/T*/iMe-dC/*T*T*G*A*T*T*G*/iMe-dC/*/i2MOErA//i2MOErC//i2MOErC/*/i2MOErA/*/32MOErT/
I0,mjgotidazjcnp6,/52MOErG/*/i2MOErC//i2MOErA//i2MOErT//i2MOErG/T*T*/iMe-dC/*T*T*G*A*T*T*G*/i2MOErC//i2MOErA//i2MOErC/*/i2MOErC/*/32MOErA/
I0,mjgotidayvl62m,/52MOErT/*/i2MOErG//i2MOErC//i2MOErA//i2MOErT/G*T*T*/iMe-dC/*T*T*G*A*T*T*/i2MOErG//i2MOErC//i2MOErA/*/i2MOErC/*/32MOErC/
I0,mjgotida0txa6d,/52MOErT/*/i2MOErT//i2MOErG//i2MOErC//i2MOErA/T*G*T*T*/iMe-dC/*T*T*G*A*T*/i2MOErT//i2MOErG//i2MOErC/*/i2MOErA/*/32MOErC/
I0,mjgotida3zb5fb,/52MOErC/*/i2MOErT//i2MOErT//i2MOErG//i2MOErC/A*T*G*T*T*/iMe-dC/*T*T*G*A*/i2MOErT//i2MOErT//i2MOErG/*/i2MOErC/*/32MOErA/
I0,mjgotidavunrqj,/52MOErG/*/i2MOErC//i2MOErT//i2MOErT//i2MOErG//iMe-dC/*A*T*G*T*T*/iMe-dC/*T*T*G*/i2MOErA//i2MOErT//i2MOErT/*/i2MOErG/*/32MOErC/
I0,mjgotidac8im75,/52MOErT/*/i2MOErG//i2MOErC//i2MOErT//i2MOErT/G*/iMe-dC/*A*T*G*T*T*/iMe-dC/*T*T*/i2MOErG//i2MOErA//i2MOErT/*/i2MOErT/*/32MOErG/
I0,mjgotidas24b70,/52MOErA/*/i2MOErT//i2MOErG//i2MOErC//i2MOErT/T*G*/iMe-dC/*A*T*G*T*T*/iMe-dC/*T*/i2MOErT//i2MOErG//i2MOErA/*/i2MOErT/*/32MOErT/
I0,mjgotidath8v62,/52MOErG/*/i2MOErA//i2MOErT//i2MOErG//i2MOErC/T*T*G*/iMe-dC/*A*T*G*T*T*/iMe-dC/*/i2MOErT//i2MOErT//i2MOErG/*/i2MOErA/*/32MOErT/
I0,mjgotida7o9mha,/52MOErG/*/i2MOErG//i2MOErA//i2MOErT//i2MOErG//iMe-dC/*T*T*G*/iMe-dC/*A*T*G*T*T*/i2MOErC//i2MOErT//i2MOErT/*/i2MOErG/*/32MOErA/
I0,mjgotidav5nlof,/52MOErC/*/i2MOErG//i2MOErG//i2MOErA//i2MOErT/G*/iMe-dC/*T*T*G*/iMe-dC/*A*T*G*T*/i2MOErT//i2MOErC//i2MOErT/*/i2MOErT/*/32MOErG/
I0,mjgotidaz092yk,/52MOErG/*/i2MOErC//i2MOErG//i2MOErG//i2MOErA/T*G*/iMe-dC/*T*T*G*/iMe-dC/*A*T*G*/i2MOErT//i2MOErT//i2MOErC/*/i2MOErT/*/32MOErT/
I0,mjgotidaoanwma,/52MOErA/*/i2MOErG//i2MOErC//i2MOErG//i2MOErG/A*T*G*/iMe-dC/*T*T*G*/iMe-dC/*A*T*/i2MOErG//i2MOErT//i2MOErT/*/i2MOErC/*/32MOErT/
I0,mjgotidaibdrim,/52MOErG/*/i2MOErA//i2MOErG//i2MOErC//i2MOErG/G*A*T*G*/iMe-dC/*T*T*G*/iMe-dC/*A*/i2MOErT//i2MOErG//i2MOErT/*/i2MOErT/*/32MOErC/
I0,mjgotida6kxqp0,/52MOErA/*/i2MOErG//i2MOErA//i2MOErG//i2MOErC/G*G*A*T*G*/iMe-dC/*T*T*G*/iMe-dC/*/i2MOErA//i2MOErT//i2MOErG/*/i2MOErT/*/32MOErT/
